{
    "name": "ranged_enemy",
    "spriteSheetImage": "ranged_enemy.png",
    "spriteWidth": 32,
    "spriteHeight": 32,
    "columns": 3,
    "rows": 4,
    "durationType": "time",
    "animations": [
        { 
            "name": "IDLE",
            "frames": [ 
			{
			"index": 0,
			"duration": 15
			},
			{
			"index": 1,
			"duration": 15
			},
			{
			"index": 2,
			"duration": 15
			}
			 ]
        },
        {
            "name": "WALK",
            "frames": [ 
			{
			"index": 3,
			"duration": 10
			},
			{
			"index": 4,
			"duration": 10
			}
			]
        },
        {
            "name": "JUMP",
             "frames": [ 
			{
			"index": 5,
			"duration": 10
			},
			{
			"index": 6,
			"duration": 100
			}
			]
        },
        {
            "name": "FALL",
            "frames":[ {"index": 5, "duration": 100}]
        },

	{
            "name": "TAKING DAMAGE",
			"frames": [ 
				{
				"index": 7,
				"duration": 5
				},
				{
				"index": 8,
				"duration": 5
				},
				{
				"index": 9,
				"duration": 5
				},
				{
				"index": 10,
				"duration": 5
				}
				]
			},
	
	{
            "name": "DEAD",
            "frames":[ {"index": 11, "duration": 30}]
        }

   
    ]
}